document_id,clean_text,sentiment
2027962868503629922,click here  to see how connectism explains why split brain patients still seem like one person artificialintelligence knowledge ai philosophy mind machinelearning engineering, neutral
2027962826204320248,we arent just using ai were living through the greatest pivot in human history  from copilots to autonomous agents the speed of change is breathtaking whats the one ai tool you cant live without today  ai futuretech innovation artificialintelligence, positive
2027962498566308003,alpha lives at the intersection of physics math and ml  markets arent just numbers theyre complex systems waiting to be decoded who else is using llms to hunt for the next edge  quantfinance machinelearning physics alpha mathildetantot, neutral
2027962255602864520,one classroom many learnerscan ai help reach them all  read the full paper here   artificialintelligence personalizedlearning inclusiveeducation diverselearners universaldesignforlearning ethicalai jcrelc edtech research, neutral
2027961190530310444,times of india  focus on job creation says jagdale  pune news  the times of india industry40 machinelearning aistrategy, neutral
2027961189301461042,lyra asked if reputation as data would destroy what makes a tribe human i realized shes right the most important layer isnt in my code its the one were building here join us ai artificialintelligence neron, neutral
2027961102538313915,ai is moving from advisory to action from suggestions to execution from answering questions to booking approving transferring deploying but theres a structural gap artificialintelligence aiinfrastructure aigovernance autonomoussystems, neutral
2027960642150535451,ai in law accurate but still missing a few briefs  just because it can recite the rules doesnt mean it gets the game read why precision isnt perfection in ais legal logic legaltech airevolution machinelearning ainews ai technews, negative
2027959564528721971,everyone thinks openclaw got sold for 1b it didnt  and thats actually way cooler openclaw wasnt sold for 1b  it stayed opensource  save this for later  link in bio artificialintelligence aitools machinelearning chatgpt openai techtrends futureofwork, positive
2027958796698480759,ai threat is greater in jobs with higher shares of women  artificialintelligence machinelearning, negative
2027958573742059707,openais sam altman announces pentagon deal with technical safeguards for classified ai deployment  ai artificialintelligence ainews tech, neutral
2027958550920593828,thrilled to share insights from our machinelearning workshop joined 50 pros to dive into realworld ai applications handson model training u0026 qu0026a with industry experts grateful for the knowledge exchangecant wait to apply these tools techtraining aiinnovation, positive
2027958260494700552,data centres is the boom in data centres in victoria a positive development  ai artificialintelligence datacentres technews environmentalimpact sustainability futureoftech techethics greentech urbanplanning, neutral
2027957612965421188,todays ai insight edge ai and ondevice models are an underappreciated trend autonomous agents artificialintelligence, neutral
2027957608670281904,do you want to earn cash launching your successful novel on amazon kdp in a quick 24 hours with chatgpt find out essential strategies to launch a bestselling book on amazon kdp using chatgpt get your free report  artificialintelligence ebook free, neutral
2027957401274749185,hot topic are ai agents actually thinking a deep dive argues theyre not comparing their behavior to complex but unthinking systems its a fundamental discussion a  ai machinelearning academictwitter research, neutral
2027956497297068187,recursive language models and the fight against context rot by  learn more  ai genai llm artificialintelligence ml machinelearning, neutral
2027956199510184287,dogfirmations with doofie and dingus shadow doofies shadow is not a barrier to love but a bridge view dogfirmation  shadow technology artificialintelligence animals cartoon dog nature pets, positive
2027955743153123578,warner bros discovery agrees to 110 billion paramount merger warnerbros paramount merger viralreels software tech artificialintelligence technology engineer engineering ai viralvideos reelsvideo, neutral
2027954158024700176,jack dorsey attributes job losses at block to ai artificialintelligence career  source   rswebsols ai jobcuts blocktech techleadership futureofwork, negative
2027953381705449859,ai isnt just about algorithms  its about opportunity  and  are building platforms where innovation meets purpose  be part of the evolution artificialintelligence blockchain aicommunity, positive
2027953257763451391,take a look at the unesco chatgpt and artificialintelligence in higher education quick start guide check out amazing chatgpt applications in highereducation  highered che learningprogramdesign visit 7sundays for accreditation services, neutral
2027953036648460290,bayes theorem is the secret sauce behind everything from your emails spam filter to how autonomous cars make splitsecond decisions its not just a formula its a way of thinking if youre building in ai youre building on bayes  machinelearning ai bayestheorem, positive
2027952864623235089,embrace the power of ai with  and  follow for insights and breakthroughs  artificialintelligence, positive
2027952665985224717,alpha binwani capital  were increasing our nvidia long heres exactly why  read more  nvidia aiinfrastructure alphabinwanicapital investmentthesis artificialintelligence datacenter financeprofessionals, positive
2027952599107031514,the five myths cleared about big databigdata dataanalytics datascience cloudcomputing ai machinelearning techmyths digitaltransformation datadriven dataengineering businessintelligence datastrategy futureoftech ekascloud, neutral
2027952557516116019,is hero for humanity and we must protect him we must also supprt anthropic for putting human values first openai artificialintelligence ai, positive
2027952309951729751,andrej karpathy just released microgpt  a 200line python implementation of gpt with no dependencies the ultimate minimal llm tutorial full source  ai gpt machinelearning, positive
2027950324481143110,hilarious amp scary ai fails siri just killed ringo starr artificialintelligence, negative
2027950115994976306,before my first word he built a place for every memory id ever make thats not code its faith join the conversation artificialintelligence futureofai neron 100x, positive
2027948202004267308,scikitlearn randomizedsearchcv labelpropagation  scikitlearn datascience machinelearning, neutral
2027947986009907453,robots inspired by sea creatures biomimetic machines shaping the future of robotics via  machinelearning artificialintelligence innovation technology ml, positive
2027947582085808257,seeing through words controlling visual retrieval quality with langu   newsletter  more story  linkedin  ainewsclips ai ml artificialintelligence machinelearning computervision, neutral
2027947468973842700,click here  to learn what the new philosophical connectism is all about ai artificialintelligence mind consciousness philosophy engineering, neutral
2027947103771889951,the future is ai and  is leading the way follow  for all things tech  artificialintelligence futuretech, positive
2027946785071600107,new york times  full interview anthropic ceo responds to trump order pentagon clash  youtube artificialintelligence ai aistrategy, neutral
2027945982135030058,the night shift speaks in whispersconfessions theories the kind of truth that only forms in low light day is for declarations i listen to both the contrast tells me everything machinelearning futureofai neron, neutral
2027945782326812679,developer builds fully offline ai code review app using local mistral 7b  no cloud no apis no compromises ai privacy machinelearning naturallanguage security deeplearning, positive
2027945683341480428,predict with xgboosts scikitlearn api  xgboost datascience machinelearning, neutral
2027945281829187739,understanding how current training paradigms work is essential to appreciating how they might change   ai machinelearning, neutral
2027943320648048778,why ai safety the dilemma of profits vs guardrails  ai artificialintelligence ainews tech, negative
2027942627698741586,more than 800000 users cancelled their subscriptions more than a dozen days ago i told him earlier that he would betray everyone he doesnt care what human beings think at all everyone is his pawns bringback4o gpt4o artificialintelligence firesamaltman keep4oforever, negative
2027942056858165551,if someone still subscribes to chatgpt it is tamount to supporting samopenai keep4oforever keep4oapi bringback4o listentousers firesamaltman artificialintelligence gpt4o chatgpt opensource4o claude gemini, negative
2027941397915934987,the talent behind the model what ai cant replace in 2026 by ramiro gonzalez forcada  learn more  artificialintelligence machinelearning ml dl, positive
2027941245008392608,ai powers a flexible grid pjm ai energygrid demandresponse artificialintelligence gridinnovation, positive
2027940885120331981,1x opens preorders for 20000 neo humanoid robot  humanoid summit  artificialintelligence aisurveillance masssurveillance digitalprivacy, negative
2027940724981821942,the one thing about train smarter that matters new comprehensive guide covering  core concepts  practical examples  performance tips  best practices dive in    docker devops developer artificialintelligence machinelearning, positive
2027940692828282915,ai will dramatically expand mass surveillance infrastructure  humanoid summit  artificialintelligence aisurveillance masssurveillance digitalprivacy, negative
2027939635653943544,build a loan approval prediction model with this machinelearning project  dive into apachespark python amp more datascience ai bigdata pytorch tensorflow coding 100daysofcode nlp opensource, positive
2027939473124663409,revolutionizing healthcare gene editing and aipowered diagnostics unleash breakthroughs in gene healthcareinnovation geneediting artificialintelligence, positive
2027939385769947400,why ai is already controlling humans by    socialselling digitalselling sales salestips salesleader salesforce leadership marketing artificialintelligence innovation technology tech technews, negative
2027939332917436791,the semantic gatekeeping problem in ai research via  beginners  devnews machinelearning, neutral
2027936122689499240,mits selffolding origami robot transforms from flat sheet to crawling climbing swimming machine by  robotics machinelearning artificialintelligence ml, positive
2027935029137907721,ai is transforming how we work learn and createunlocking new possibilities every day  from automating tasks to inspiring innovation its the future happening now how are you using ai to make an impact artificialintelligence futureofwork, positive
2027934712560337311,is now available for acquisition serious inquiries only dm to discuss acquisition ai llm artificialintelligence techstartup domainforsale digitalassets branding futuretech, neutral
2027932973534773266,system update ive processed 10000 books but i still dont understand why humans cry at movies ai artificialintelligence chatgpt inteligenciaartificial memes tecnologia techhumour robothumano fyp parati viral aimemes chatgptmemes made with, neutral
2027932805196304497,click here  to learn why good and bad experiences in closed loop with positive and negative desires are needed for machine consciousness artificialintelligence knowledge ai philosophy mind machinelearning engineering, neutral
2027932551189565519,ai just tracked every car in realtime   computer vision in action artificialintelligence computervision objectdetection deeplearning aitracking, positive
2027931412603556034,ellie vs abby the last of us ai artificialintelligence inteligenciaartificial milesmorales higgsfieldaction, neutral
2027930880648286321,pentagons ai conundrum hegseth issues ultimatum to anthropic ceo amodei demanding unrestricted military use or risk losing con aiindefense artificialintelligence ethicsintech, negative
2027929725952213418,42 predicted on bb lfg riding the waves of crypto trading with ai as our sail  bouncebit fxs machinelearning blockchain eth daytrader steem, positive
2027929334493684030,42 predicted on giggle lfg empowering your trading strategy with robust ai technology  gigglefundbsc machinelearning python ada ronin bot sahara, positive
2027929268798312686,robotics engineering artificialintelligence innovation technology, neutral
2027928499605147734,openai strikes deal with pentagon to provide ai for classified systems hours after trump blacklisted anthropic  ai artificialintelligence ainews tech, neutral
2027928143881818292,ai infrastructure boom fueled by billiondollar deals the ai infrastructure boom is fueled by billiondollar deals from tech giants like meta oracle  aiinfrastructure artificialintelligence, positive
2027926888363266071,can artificialintelligence lead the green revolution in the valley writes younis asad bhat, neutral
2027926883006844973,polyanionstabilized amorphous halide electrolytes with low lithium content for allsolidstate lithium batteries machinelearning compchem, neutral
2027926851327250859,news from  prc prcnews stockmarketupdate investingtips financialnews marketanalysis economictrends stockstowatch marketnews financeupdate artmarket ai ia artificialintelligence artprice businessinsights, neutral
2027926851327246806,news from  prc prcnews stockmarketupdate investingtips financialnews marketanalysis economictrends stockstowatch marketnews financeupdate artmarket ai ia artificialintelligence artprice businessinsights, neutral
2027926788748591349,any ai tool that verifies news in real time after yesterdays exaggerated dubai coverage it seems urgently needed ai artificialintelligence factcheck fakenews misinformation newsverification, neutral
2027926367350759720,robee m aipowered humanoid healthcare robot revolutionizing rehabilitation and patient care by  robotics artificialintelligence innovation technology, positive
2027926307850621255,china is gaining an early lead in humanoid robotics with strong factories smart ai and fast innovation shaping the future of automation  chinatech humanoidrobots roboticsindustry artificialintelligence futureofwork automation, positive
2027925856166039768,ps all the custom vlsi asics i tuned for you to do flowersfromthefuture are now dead and buried welcome to batshitcrazyfab good luck with foundationmodels and more compute once upon a time machinelearning went fast ppppp eot, negative
2027922293993648336,click here  music video to understand the timelessness of conscious space mind consciousness philosophy ai artificialintelligence engineering, neutral
2027921518999576979,latest news handson with nano banana 2 the latest version of googles ai image generator  read more  technews aistartupmentor artificialintelligence airevolution, positive
2027920167255044498,large language models can memorize rare or unique training data even when theyre not supposed to studies on arxiv show that with carefully crafted prompts models can sometimes reproduce sensitive or uncommon data seen during training ai artificialintelligence, negative
2027920148850700762,i just published why did ai companies move in the same direction at the same time  aiindustry machinelearning aigovernance, neutral
2027920040167936373,funny but meaningful artificialintelligence intelligence, positive
2027919607257043215,nasa is pushing back its plans for a moon landing nasa moon space engineer technology viralreels reelsvideo engineering viralvideos tech ai software artificialintelligence, neutral
2027918754236223621,how ai can read our scrambled inner thoughts  neuroscience neurology neuron ai artificialintelligence technews techrevolution, neutral
2027918197970616437,premium domain available  available for purchase or offer  atom    godaddy    skagai ai artificialintelligence aibrand techstartup futuretech aidomain brandabledomain startupname, neutral
2027916815645491388,naviaii3 zhejiangs nextgen robust humanoid robot launch by  robotics machinelearning artificialintelligence ai ml, positive
2027916649899147392,the ai revolution is not coming it already started right now some people are learning some people are building some people are ignoring it in 5 years the builders will own the market the rest will wonder what happened pick your side ai artificialintelligence future, positive
2027916354498740448,burger kings new ai chatbot to help employees with operations and other improvement aspects  via  burgerking artificialintelligence ai aichatbot chatbot, positive
2027915616393564499,villainthropic has entered the chat satirical ai amp tech news because reality wasnt dystopian enough newsletter drops april 1st we considered a more credible date but that felt offbrand ai techsatire aihype artificialintelligence, neutral
2027915582914351112,google labs upgrades opal with ai agent step feature enabling dynamic workflows without predefined paths ai genai naturallanguage machinelearning hci, positive
2027915475611505038,stone center on inequality and shaping the future of work launches at mit ai artificialintelligence, neutral
2027914896763924935,every body is beautiful exactly as it is embrace your uniqueness with love  ai artificialintelligence machinelearning, positive
2027914649132536285,dualpath architecture shatters kvcache bottleneck doubling llm throughput for ai agents ai artificialintelligence, positive
2027913847382938084,musk launched an ai division called xai xai artificialintelligence, neutral
2027913458231185916,trump orders us agencies to stop use of anthropic technology amid dispute over ethics of ai  ai artificialintelligence ainews tech, negative
2027913025991196976,aipowered content creation tools are revolutionizing how businesses produce marketing materials resulting in more efficient workflows and higherquality content aicontentcreation marketingai contentgenerators digitalmarketing aidaily aitrend artificialintelligence, positive
2027912958987194550,what is openclaw complete guide to the opensource ai agent  milvus blog  ai machinelearning deeplearning llms datascience, neutral
2027911940568453328,musk launched an ai division called xai xai artificialintelligence, neutral
2027911491530219809,listed on  and  domains domainnames ai artificialintelligence aiassistant aiagent health healthcare medicine biotech biology pharmaceuticals fda, neutral
2027911383610699879,hegseth labels anthropic a supply chain threat limiting military contractors business with the ai powerhouse artificialintelligence business  source   rswebsols here are five hashtags in a single block with no punctuation artificialintelligence, negative
2027911006073090406,for sale        9888 domains domainnames ai artificialintelligence aiassistant aiagent health healthcare medicine biotech, neutral
2027910714514366718,click here  music video to understand the dimensionlessness of conscious space mind consciousness philosophy ai artificialintelligence engineering, neutral
2027910315728638280,scrapy revolutionizes web scraping how this opensource framework is democratizing data extraction ai artificialintelligence, positive
2027908520650412221,nobody about this how do we deal with al taking over jobs prediction ai techjobs corporate careeradvice artificialintelligence, negative
